{"loss": 6.389091491699219, "lr": 1.118033988749895e-05, "_timestamp": 1722350866.7169788, "_runtime": 27.017274856567383, "_step": 48, "_wandb": {"runtime": 27}}