{"loss": 6.4167704582214355, "lr": 1.118033988749895e-05, "_timestamp": 1722350180.0119584, "_runtime": 29.994036436080933, "_step": 48, "_wandb": {"runtime": 29}}