{"loss": 6.482239723205566, "lr": 1.118033988749895e-05, "_timestamp": 1722350806.0592582, "_runtime": 31.8596351146698, "_step": 48, "_wandb": {"runtime": 32}}