{"loss": 6.41586446762085, "lr": 1.118033988749895e-05, "_timestamp": 1722350655.2509294, "_runtime": 29.452953338623047, "_step": 48, "_wandb": {"runtime": 29}}