{"loss": 6.671028137207031, "lr": 1.118033988749895e-05, "_timestamp": 1722349479.3360693, "_runtime": 35.10597229003906, "_step": 48, "_wandb": {"runtime": 35}}